"","Contrast","Pathway","FDR","Method"
"1","X19O2NoCyA - X1O2NoCyA","  ABC TRANSPORTERS",0.601248734908845,"Combined"
"2","X1O2NoCyA - X1O2PlusCyA","  ABC TRANSPORTERS",0.994585331881616,"Combined"
"3","X1O2PlusCyA - X19O2NoCyA","  ABC TRANSPORTERS",0.298013145096819,"Combined"
"4","X19O2NoCyA - X1O2NoCyA","  ACUTE MYELOID LEUKEMIA",0.999423097670854,"Combined"
"5","X1O2NoCyA - X1O2PlusCyA","  ACUTE MYELOID LEUKEMIA",0.995639864849502,"Combined"
"6","X1O2PlusCyA - X19O2NoCyA","  ACUTE MYELOID LEUKEMIA",0.998859059230562,"Combined"
"7","X19O2NoCyA - X1O2NoCyA","  ADHERENS JUNCTION",0.998784945958613,"Combined"
"8","X1O2NoCyA - X1O2PlusCyA","  ADHERENS JUNCTION",0.977067538691446,"Combined"
"9","X1O2PlusCyA - X19O2NoCyA","  ADHERENS JUNCTION",0.958020437512998,"Combined"
"10","X19O2NoCyA - X1O2NoCyA","  ADIPOCYTOKINE SIGNALING PATHWAY",0.945943571909157,"Combined"
"11","X1O2NoCyA - X1O2PlusCyA","  ADIPOCYTOKINE SIGNALING PATHWAY",0.864261221913082,"Combined"
"12","X1O2PlusCyA - X19O2NoCyA","  ADIPOCYTOKINE SIGNALING PATHWAY",0.504413207978564,"Combined"
"13","X19O2NoCyA - X1O2NoCyA","  ALANINE ASPARTATE AND GLUTAMATE METABOLISM",0.976595849007039,"Combined"
"14","X1O2NoCyA - X1O2PlusCyA","  ALANINE ASPARTATE AND GLUTAMATE METABOLISM",0.994595943027147,"Combined"
"15","X1O2PlusCyA - X19O2NoCyA","  ALANINE ASPARTATE AND GLUTAMATE METABOLISM",0.797760487078299,"Combined"
"16","X19O2NoCyA - X1O2NoCyA","  ALDOSTERONE REGULATED SODIUM REABSORPTION",0.999495565148139,"Combined"
"17","X1O2NoCyA - X1O2PlusCyA","  ALDOSTERONE REGULATED SODIUM REABSORPTION",0.997581279133851,"Combined"
"18","X1O2PlusCyA - X19O2NoCyA","  ALDOSTERONE REGULATED SODIUM REABSORPTION",0.999314491694086,"Combined"
"19","X19O2NoCyA - X1O2NoCyA","  ALLOGRAFT REJECTION",0.498313205082709,"Combined"
"20","X1O2NoCyA - X1O2PlusCyA","  ALLOGRAFT REJECTION",0.976192281953139,"Combined"
"21","X1O2PlusCyA - X19O2NoCyA","  ALLOGRAFT REJECTION",0.922167339645714,"Combined"
"22","X19O2NoCyA - X1O2NoCyA","  ALPHA LINOLENIC ACID METABOLISM",0.668512982222381,"Combined"
"23","X1O2NoCyA - X1O2PlusCyA","  ALPHA LINOLENIC ACID METABOLISM",0.961485913199028,"Combined"
"24","X1O2PlusCyA - X19O2NoCyA","  ALPHA LINOLENIC ACID METABOLISM",0.897360722146032,"Combined"
"25","X19O2NoCyA - X1O2NoCyA","  ALZHEIMERS DISEASE",0.349951161342306,"Combined"
"26","X1O2NoCyA - X1O2PlusCyA","  ALZHEIMERS DISEASE",0.992213176036001,"Combined"
"27","X1O2PlusCyA - X19O2NoCyA","  ALZHEIMERS DISEASE",0.820366569961098,"Combined"
"28","X19O2NoCyA - X1O2NoCyA","  AMINO SUGAR AND NUCLEOTIDE SUGAR METABOLISM",0.382087574669476,"Combined"
"29","X1O2NoCyA - X1O2PlusCyA","  AMINO SUGAR AND NUCLEOTIDE SUGAR METABOLISM",0.966213689409919,"Combined"
"30","X1O2PlusCyA - X19O2NoCyA","  AMINO SUGAR AND NUCLEOTIDE SUGAR METABOLISM",0.115483022330007,"Combined"
"31","X19O2NoCyA - X1O2NoCyA","  AMINOACYL TRNA BIOSYNTHESIS",0.914611856872716,"Combined"
"32","X1O2NoCyA - X1O2PlusCyA","  AMINOACYL TRNA BIOSYNTHESIS",0.925496859132131,"Combined"
"33","X1O2PlusCyA - X19O2NoCyA","  AMINOACYL TRNA BIOSYNTHESIS",0.379197722176971,"Combined"
"34","X19O2NoCyA - X1O2NoCyA","  AMYOTROPHIC LATERAL SCLEROSIS ALS",0.966542416494694,"Combined"
"35","X1O2NoCyA - X1O2PlusCyA","  AMYOTROPHIC LATERAL SCLEROSIS ALS",0.984148864214686,"Combined"
"36","X1O2PlusCyA - X19O2NoCyA","  AMYOTROPHIC LATERAL SCLEROSIS ALS",0.824386143685588,"Combined"
"37","X19O2NoCyA - X1O2NoCyA","  ANTIGEN PROCESSING AND PRESENTATION",0.939715931475626,"Combined"
"38","X1O2NoCyA - X1O2PlusCyA","  ANTIGEN PROCESSING AND PRESENTATION",0.998888532723733,"Combined"
"39","X1O2PlusCyA - X19O2NoCyA","  ANTIGEN PROCESSING AND PRESENTATION",0.987626715326907,"Combined"
"40","X19O2NoCyA - X1O2NoCyA","  APOPTOSIS",0.985035400506976,"Combined"
"41","X1O2NoCyA - X1O2PlusCyA","  APOPTOSIS",0.997478074425614,"Combined"
"42","X1O2PlusCyA - X19O2NoCyA","  APOPTOSIS",0.954814059375648,"Combined"
"43","X19O2NoCyA - X1O2NoCyA","  ARACHIDONIC ACID METABOLISM",0.950838553518082,"Combined"
"44","X1O2NoCyA - X1O2PlusCyA","  ARACHIDONIC ACID METABOLISM",0.980439516948142,"Combined"
"45","X1O2PlusCyA - X19O2NoCyA","  ARACHIDONIC ACID METABOLISM",0.983726462406924,"Combined"
"46","X19O2NoCyA - X1O2NoCyA","  ARGININE AND PROLINE METABOLISM",0.363323146771999,"Combined"
"47","X1O2NoCyA - X1O2PlusCyA","  ARGININE AND PROLINE METABOLISM",0.957355465715695,"Combined"
"48","X1O2PlusCyA - X19O2NoCyA","  ARGININE AND PROLINE METABOLISM",0.0765769687904145,"Combined"
"49","X19O2NoCyA - X1O2NoCyA","  ARRHYTHMOGENIC RIGHT VENTRICULAR CARDIOMYOPATHY ARVC",0.962422568267438,"Combined"
"50","X1O2NoCyA - X1O2PlusCyA","  ARRHYTHMOGENIC RIGHT VENTRICULAR CARDIOMYOPATHY ARVC",0.989559534733016,"Combined"
"51","X1O2PlusCyA - X19O2NoCyA","  ARRHYTHMOGENIC RIGHT VENTRICULAR CARDIOMYOPATHY ARVC",0.994813032772599,"Combined"
"52","X19O2NoCyA - X1O2NoCyA","  ASCORBATE AND ALDARATE METABOLISM",0.878445945773552,"Combined"
"53","X1O2NoCyA - X1O2PlusCyA","  ASCORBATE AND ALDARATE METABOLISM",0.0247947505411154,"Combined"
"54","X1O2PlusCyA - X19O2NoCyA","  ASCORBATE AND ALDARATE METABOLISM",0.000400735853723522,"Combined"
"55","X19O2NoCyA - X1O2NoCyA","  ASTHMA",0.714221005852432,"Combined"
"56","X1O2NoCyA - X1O2PlusCyA","  ASTHMA",0.600348394215348,"Combined"
"57","X1O2PlusCyA - X19O2NoCyA","  ASTHMA",0.997307203960106,"Combined"
"58","X19O2NoCyA - X1O2NoCyA","  AUTOIMMUNE THYROID DISEASE",0.362188685145811,"Combined"
"59","X1O2NoCyA - X1O2PlusCyA","  AUTOIMMUNE THYROID DISEASE",0.969625956616254,"Combined"
"60","X1O2PlusCyA - X19O2NoCyA","  AUTOIMMUNE THYROID DISEASE",0.798409631943857,"Combined"
"61","X19O2NoCyA - X1O2NoCyA","  AXON GUIDANCE",0.99916841483234,"Combined"
"62","X1O2NoCyA - X1O2PlusCyA","  AXON GUIDANCE",0.998395463188638,"Combined"
"63","X1O2PlusCyA - X19O2NoCyA","  AXON GUIDANCE",0.99203282548258,"Combined"
"64","X19O2NoCyA - X1O2NoCyA","  B CELL RECEPTOR SIGNALING PATHWAY",0.898322126165418,"Combined"
"65","X1O2NoCyA - X1O2PlusCyA","  B CELL RECEPTOR SIGNALING PATHWAY",0.998293957497103,"Combined"
"66","X1O2PlusCyA - X19O2NoCyA","  B CELL RECEPTOR SIGNALING PATHWAY",0.897966093191132,"Combined"
"67","X19O2NoCyA - X1O2NoCyA","  BASAL CELL CARCINOMA",0.97878779920921,"Combined"
"68","X1O2NoCyA - X1O2PlusCyA","  BASAL CELL CARCINOMA",0.936898119889875,"Combined"
"69","X1O2PlusCyA - X19O2NoCyA","  BASAL CELL CARCINOMA",0.973205814845425,"Combined"
"70","X19O2NoCyA - X1O2NoCyA","  BASAL TRANSCRIPTION FACTORS",0.987362517873023,"Combined"
"71","X1O2NoCyA - X1O2PlusCyA","  BASAL TRANSCRIPTION FACTORS",0.947995274850155,"Combined"
"72","X1O2PlusCyA - X19O2NoCyA","  BASAL TRANSCRIPTION FACTORS",0.751302513725137,"Combined"
"73","X19O2NoCyA - X1O2NoCyA","  BASE EXCISION REPAIR",0.987570998923429,"Combined"
"74","X1O2NoCyA - X1O2PlusCyA","  BASE EXCISION REPAIR",0.813107351895621,"Combined"
"75","X1O2PlusCyA - X19O2NoCyA","  BASE EXCISION REPAIR",0.990645395400107,"Combined"
"76","X19O2NoCyA - X1O2NoCyA","  BETA ALANINE METABOLISM",0.980569773575541,"Combined"
"77","X1O2NoCyA - X1O2PlusCyA","  BETA ALANINE METABOLISM",0.746247229906215,"Combined"
"78","X1O2PlusCyA - X19O2NoCyA","  BETA ALANINE METABOLISM",0.363874457133608,"Combined"
"79","X19O2NoCyA - X1O2NoCyA","  BIOSYNTHESIS OF UNSATURATED FATTY ACIDS",0.792325783606542,"Combined"
"80","X1O2NoCyA - X1O2PlusCyA","  BIOSYNTHESIS OF UNSATURATED FATTY ACIDS",0.994616290507075,"Combined"
"81","X1O2PlusCyA - X19O2NoCyA","  BIOSYNTHESIS OF UNSATURATED FATTY ACIDS",0.977255390465833,"Combined"
"82","X19O2NoCyA - X1O2NoCyA","  BLADDER CANCER",0.987242605084082,"Combined"
"83","X1O2NoCyA - X1O2PlusCyA","  BLADDER CANCER",0.989559534733016,"Combined"
"84","X1O2PlusCyA - X19O2NoCyA","  BLADDER CANCER",0.989430227464644,"Combined"
"85","X19O2NoCyA - X1O2NoCyA","  BUTANOATE METABOLISM",0.95613813098451,"Combined"
"86","X1O2NoCyA - X1O2PlusCyA","  BUTANOATE METABOLISM",0.474573067563428,"Combined"
"87","X1O2PlusCyA - X19O2NoCyA","  BUTANOATE METABOLISM",0.246113253418258,"Combined"
"88","X19O2NoCyA - X1O2NoCyA","  CALCIUM SIGNALING PATHWAY",0.985750826404169,"Combined"
"89","X1O2NoCyA - X1O2PlusCyA","  CALCIUM SIGNALING PATHWAY",0.997581279133851,"Combined"
"90","X1O2PlusCyA - X19O2NoCyA","  CALCIUM SIGNALING PATHWAY",0.982807258628537,"Combined"
"91","X19O2NoCyA - X1O2NoCyA","  CARDIAC MUSCLE CONTRACTION",0.707470075852255,"Combined"
"92","X1O2NoCyA - X1O2PlusCyA","  CARDIAC MUSCLE CONTRACTION",0.952519747672127,"Combined"
"93","X1O2PlusCyA - X19O2NoCyA","  CARDIAC MUSCLE CONTRACTION",0.977711970193864,"Combined"
"94","X19O2NoCyA - X1O2NoCyA","  CELL ADHESION MOLECULES CAMS",0.980469117749981,"Combined"
"95","X1O2NoCyA - X1O2PlusCyA","  CELL ADHESION MOLECULES CAMS",0.995238545296845,"Combined"
"96","X1O2PlusCyA - X19O2NoCyA","  CELL ADHESION MOLECULES CAMS",0.996934918167114,"Combined"
"97","X19O2NoCyA - X1O2NoCyA","  CELL CYCLE",0.89741277038148,"Combined"
"98","X1O2NoCyA - X1O2PlusCyA","  CELL CYCLE",0.781456090843586,"Combined"
"99","X1O2PlusCyA - X19O2NoCyA","  CELL CYCLE",0.295461475934164,"Combined"
"100","X19O2NoCyA - X1O2NoCyA","  CHEMOKINE SIGNALING PATHWAY",0.999491879069311,"Combined"
"101","X1O2NoCyA - X1O2PlusCyA","  CHEMOKINE SIGNALING PATHWAY",0.974163879454264,"Combined"
"102","X1O2PlusCyA - X19O2NoCyA","  CHEMOKINE SIGNALING PATHWAY",0.936023485376093,"Combined"
"103","X19O2NoCyA - X1O2NoCyA","  CHRONIC MYELOID LEUKEMIA",0.995709467574939,"Combined"
"104","X1O2NoCyA - X1O2PlusCyA","  CHRONIC MYELOID LEUKEMIA",0.997581279133851,"Combined"
"105","X1O2PlusCyA - X19O2NoCyA","  CHRONIC MYELOID LEUKEMIA",0.977286461153313,"Combined"
"106","X19O2NoCyA - X1O2NoCyA","  CIRCADIAN RHYTHM MAMMAL",0.970802607394999,"Combined"
"107","X1O2NoCyA - X1O2PlusCyA","  CIRCADIAN RHYTHM MAMMAL",0.856242882616315,"Combined"
"108","X1O2PlusCyA - X19O2NoCyA","  CIRCADIAN RHYTHM MAMMAL",0.879776802353828,"Combined"
"109","X19O2NoCyA - X1O2NoCyA","  CITRATE CYCLE TCA CYCLE",0.828837637303673,"Combined"
"110","X1O2NoCyA - X1O2PlusCyA","  CITRATE CYCLE TCA CYCLE",0.052270497885445,"Combined"
"111","X1O2PlusCyA - X19O2NoCyA","  CITRATE CYCLE TCA CYCLE",0.405346754724289,"Combined"
"112","X19O2NoCyA - X1O2NoCyA","  COLORECTAL CANCER",0.988911922839818,"Combined"
"113","X1O2NoCyA - X1O2PlusCyA","  COLORECTAL CANCER",0.947626189889353,"Combined"
"114","X1O2PlusCyA - X19O2NoCyA","  COLORECTAL CANCER",0.982367519909211,"Combined"
"115","X19O2NoCyA - X1O2NoCyA","  COMPLEMENT AND COAGULATION CASCADES",0.981054144441268,"Combined"
"116","X1O2NoCyA - X1O2PlusCyA","  COMPLEMENT AND COAGULATION CASCADES",0.614618737898785,"Combined"
"117","X1O2PlusCyA - X19O2NoCyA","  COMPLEMENT AND COAGULATION CASCADES",0.301003105591362,"Combined"
"118","X19O2NoCyA - X1O2NoCyA","  CYSTEINE AND METHIONINE METABOLISM",0.910784055345234,"Combined"
"119","X1O2NoCyA - X1O2PlusCyA","  CYSTEINE AND METHIONINE METABOLISM",0.983080238554195,"Combined"
"120","X1O2PlusCyA - X19O2NoCyA","  CYSTEINE AND METHIONINE METABOLISM",0.992528828793098,"Combined"
"121","X19O2NoCyA - X1O2NoCyA","  CYTOKINE CYTOKINE RECEPTOR INTERACTION",0.986395905911946,"Combined"
"122","X1O2NoCyA - X1O2PlusCyA","  CYTOKINE CYTOKINE RECEPTOR INTERACTION",0.868277666958398,"Combined"
"123","X1O2PlusCyA - X19O2NoCyA","  CYTOKINE CYTOKINE RECEPTOR INTERACTION",0.940192787059125,"Combined"
"124","X19O2NoCyA - X1O2NoCyA","  CYTOSOLIC DNA SENSING PATHWAY",0.998163360907722,"Combined"
"125","X1O2NoCyA - X1O2PlusCyA","  CYTOSOLIC DNA SENSING PATHWAY",0.859963697596129,"Combined"
"126","X1O2PlusCyA - X19O2NoCyA","  CYTOSOLIC DNA SENSING PATHWAY",0.985012035530624,"Combined"
"127","X19O2NoCyA - X1O2NoCyA","  DILATED CARDIOMYOPATHY",0.991225087909653,"Combined"
"128","X1O2NoCyA - X1O2PlusCyA","  DILATED CARDIOMYOPATHY",0.997548070956447,"Combined"
"129","X1O2PlusCyA - X19O2NoCyA","  DILATED CARDIOMYOPATHY",0.999513767239088,"Combined"
"130","X19O2NoCyA - X1O2NoCyA","  DNA REPLICATION",0.941205421196268,"Combined"
"131","X1O2NoCyA - X1O2PlusCyA","  DNA REPLICATION",0.296983319155872,"Combined"
"132","X1O2PlusCyA - X19O2NoCyA","  DNA REPLICATION",0.915624424399125,"Combined"
"133","X19O2NoCyA - X1O2NoCyA","  DORSO VENTRAL AXIS FORMATION",0.990813186938882,"Combined"
"134","X1O2NoCyA - X1O2PlusCyA","  DORSO VENTRAL AXIS FORMATION",0.989559534733016,"Combined"
"135","X1O2PlusCyA - X19O2NoCyA","  DORSO VENTRAL AXIS FORMATION",0.998725457332563,"Combined"
"136","X19O2NoCyA - X1O2NoCyA","  DRUG METABOLISM CYTOCHROME P ",0.784619852024437,"Combined"
"137","X1O2NoCyA - X1O2PlusCyA","  DRUG METABOLISM CYTOCHROME P ",0.995240328074558,"Combined"
"138","X1O2PlusCyA - X19O2NoCyA","  DRUG METABOLISM CYTOCHROME P ",0.94854048885965,"Combined"
"139","X19O2NoCyA - X1O2NoCyA","  DRUG METABOLISM OTHER ENZYMES",0.960415765022057,"Combined"
"140","X1O2NoCyA - X1O2PlusCyA","  DRUG METABOLISM OTHER ENZYMES",0.99745473043633,"Combined"
"141","X1O2PlusCyA - X19O2NoCyA","  DRUG METABOLISM OTHER ENZYMES",0.866211986138593,"Combined"
"142","X19O2NoCyA - X1O2NoCyA","  ECM RECEPTOR INTERACTION",0.966708752858036,"Combined"
"143","X1O2NoCyA - X1O2PlusCyA","  ECM RECEPTOR INTERACTION",0.999344298790969,"Combined"
"144","X1O2PlusCyA - X19O2NoCyA","  ECM RECEPTOR INTERACTION",0.991523716763378,"Combined"
"145","X19O2NoCyA - X1O2NoCyA","  ENDOCYTOSIS",0.996092274894527,"Combined"
"146","X1O2NoCyA - X1O2PlusCyA","  ENDOCYTOSIS",0.989923512791146,"Combined"
"147","X1O2PlusCyA - X19O2NoCyA","  ENDOCYTOSIS",0.999039331708697,"Combined"
"148","X19O2NoCyA - X1O2NoCyA","  ENDOMETRIAL CANCER",0.996820680746312,"Combined"
"149","X1O2NoCyA - X1O2PlusCyA","  ENDOMETRIAL CANCER",0.997166387717893,"Combined"
"150","X1O2PlusCyA - X19O2NoCyA","  ENDOMETRIAL CANCER",0.999915101606004,"Combined"
"151","X19O2NoCyA - X1O2NoCyA","  EPITHELIAL CELL SIGNALING IN HELICOBACTER PYLORI INFECTION",0.952168549032717,"Combined"
"152","X1O2NoCyA - X1O2PlusCyA","  EPITHELIAL CELL SIGNALING IN HELICOBACTER PYLORI INFECTION",0.997581279133851,"Combined"
"153","X1O2PlusCyA - X19O2NoCyA","  EPITHELIAL CELL SIGNALING IN HELICOBACTER PYLORI INFECTION",0.977286461153313,"Combined"
"154","X19O2NoCyA - X1O2NoCyA","  ERBB SIGNALING PATHWAY",0.999769761768091,"Combined"
"155","X1O2NoCyA - X1O2PlusCyA","  ERBB SIGNALING PATHWAY",0.999174670733677,"Combined"
"156","X1O2PlusCyA - X19O2NoCyA","  ERBB SIGNALING PATHWAY",0.997438782162723,"Combined"
"157","X19O2NoCyA - X1O2NoCyA","  ETHER LIPID METABOLISM",0.999635745609232,"Combined"
"158","X1O2NoCyA - X1O2PlusCyA","  ETHER LIPID METABOLISM",0.997912146601446,"Combined"
"159","X1O2PlusCyA - X19O2NoCyA","  ETHER LIPID METABOLISM",0.989430227464644,"Combined"
"160","X19O2NoCyA - X1O2NoCyA","  FATTY ACID METABOLISM",0.859357891412541,"Combined"
"161","X1O2NoCyA - X1O2PlusCyA","  FATTY ACID METABOLISM",0.745388936565968,"Combined"
"162","X1O2PlusCyA - X19O2NoCyA","  FATTY ACID METABOLISM",0.117716507064408,"Combined"
"163","X19O2NoCyA - X1O2NoCyA","  FC EPSILON RI SIGNALING PATHWAY",0.975694245459608,"Combined"
"164","X1O2NoCyA - X1O2PlusCyA","  FC EPSILON RI SIGNALING PATHWAY",0.986545177688607,"Combined"
"165","X1O2PlusCyA - X19O2NoCyA","  FC EPSILON RI SIGNALING PATHWAY",0.839644769550122,"Combined"
"166","X19O2NoCyA - X1O2NoCyA","  FC GAMMA R MEDIATED PHAGOCYTOSIS",0.999423097670854,"Combined"
"167","X1O2NoCyA - X1O2PlusCyA","  FC GAMMA R MEDIATED PHAGOCYTOSIS",0.891765938346579,"Combined"
"168","X1O2PlusCyA - X19O2NoCyA","  FC GAMMA R MEDIATED PHAGOCYTOSIS",0.81884869837461,"Combined"
"169","X19O2NoCyA - X1O2NoCyA","  FOCAL ADHESION",0.998596713840457,"Combined"
"170","X1O2NoCyA - X1O2PlusCyA","  FOCAL ADHESION",0.988350615981765,"Combined"
"171","X1O2PlusCyA - X19O2NoCyA","  FOCAL ADHESION",0.993054363900675,"Combined"
"172","X19O2NoCyA - X1O2NoCyA","  FOLATE BIOSYNTHESIS",0.8957055336576,"Combined"
"173","X1O2NoCyA - X1O2PlusCyA","  FOLATE BIOSYNTHESIS",0.85342970659845,"Combined"
"174","X1O2PlusCyA - X19O2NoCyA","  FOLATE BIOSYNTHESIS",0.985642602613744,"Combined"
"175","X19O2NoCyA - X1O2NoCyA","  FRUCTOSE AND MANNOSE METABOLISM",0.013899185245791,"Combined"
"176","X1O2NoCyA - X1O2PlusCyA","  FRUCTOSE AND MANNOSE METABOLISM",0.976710835265635,"Combined"
"177","X1O2PlusCyA - X19O2NoCyA","  FRUCTOSE AND MANNOSE METABOLISM",0.0217949609240492,"Combined"
"178","X19O2NoCyA - X1O2NoCyA","  GALACTOSE METABOLISM",0.538177894489159,"Combined"
"179","X1O2NoCyA - X1O2PlusCyA","  GALACTOSE METABOLISM",0.992530900001545,"Combined"
"180","X1O2PlusCyA - X19O2NoCyA","  GALACTOSE METABOLISM",0.427855242224672,"Combined"
"181","X19O2NoCyA - X1O2NoCyA","  GAP JUNCTION",0.994319350100549,"Combined"
"182","X1O2NoCyA - X1O2PlusCyA","  GAP JUNCTION",0.997683498950673,"Combined"
"183","X1O2PlusCyA - X19O2NoCyA","  GAP JUNCTION",0.948589242192448,"Combined"
"184","X19O2NoCyA - X1O2NoCyA","  GLIOMA",0.994594534682742,"Combined"
"185","X1O2NoCyA - X1O2PlusCyA","  GLIOMA",0.866324015354329,"Combined"
"186","X1O2PlusCyA - X19O2NoCyA","  GLIOMA",0.790419911519397,"Combined"
"187","X19O2NoCyA - X1O2NoCyA","  GLUTATHIONE METABOLISM",0.832849893000262,"Combined"
"188","X1O2NoCyA - X1O2PlusCyA","  GLUTATHIONE METABOLISM",0.961717448826447,"Combined"
"189","X1O2PlusCyA - X19O2NoCyA","  GLUTATHIONE METABOLISM",0.998029121882127,"Combined"
"190","X19O2NoCyA - X1O2NoCyA","  GLYCEROLIPID METABOLISM",0.985750826404169,"Combined"
"191","X1O2NoCyA - X1O2PlusCyA","  GLYCEROLIPID METABOLISM",0.98557306342565,"Combined"
"192","X1O2PlusCyA - X19O2NoCyA","  GLYCEROLIPID METABOLISM",0.736072317380226,"Combined"
"193","X19O2NoCyA - X1O2NoCyA","  GLYCEROPHOSPHOLIPID METABOLISM",0.998955191221324,"Combined"
"194","X1O2NoCyA - X1O2PlusCyA","  GLYCEROPHOSPHOLIPID METABOLISM",0.989559534733016,"Combined"
"195","X1O2PlusCyA - X19O2NoCyA","  GLYCEROPHOSPHOLIPID METABOLISM",0.999314491694086,"Combined"
"196","X19O2NoCyA - X1O2NoCyA","  GLYCINE SERINE AND THREONINE METABOLISM",0.355597435059601,"Combined"
"197","X1O2NoCyA - X1O2PlusCyA","  GLYCINE SERINE AND THREONINE METABOLISM",0.829294503270424,"Combined"
"198","X1O2PlusCyA - X19O2NoCyA","  GLYCINE SERINE AND THREONINE METABOLISM",0.0178243350726469,"Combined"
"199","X19O2NoCyA - X1O2NoCyA","  GLYCOLYSIS GLUCONEOGENESIS",3.26463178081453e-06,"Combined"
"200","X1O2NoCyA - X1O2PlusCyA","  GLYCOLYSIS GLUCONEOGENESIS",0.979079315066247,"Combined"
"201","X1O2PlusCyA - X19O2NoCyA","  GLYCOLYSIS GLUCONEOGENESIS",1.26959901700563e-05,"Combined"
"202","X19O2NoCyA - X1O2NoCyA","  GLYCOSAMINOGLYCAN BIOSYNTHESIS CHONDROITIN SULFATE",0.950838553518082,"Combined"
"203","X1O2NoCyA - X1O2PlusCyA","  GLYCOSAMINOGLYCAN BIOSYNTHESIS CHONDROITIN SULFATE",0.483109256929932,"Combined"
"204","X1O2PlusCyA - X19O2NoCyA","  GLYCOSAMINOGLYCAN BIOSYNTHESIS CHONDROITIN SULFATE",0.588087634045611,"Combined"
"205","X19O2NoCyA - X1O2NoCyA","  GLYCOSAMINOGLYCAN BIOSYNTHESIS HEPARAN SULFATE",0.961503903557769,"Combined"
"206","X1O2NoCyA - X1O2PlusCyA","  GLYCOSAMINOGLYCAN BIOSYNTHESIS HEPARAN SULFATE",0.870475506208927,"Combined"
"207","X1O2PlusCyA - X19O2NoCyA","  GLYCOSAMINOGLYCAN BIOSYNTHESIS HEPARAN SULFATE",0.446240990911693,"Combined"
"208","X19O2NoCyA - X1O2NoCyA","  GLYCOSAMINOGLYCAN BIOSYNTHESIS KERATAN SULFATE",0.863893194106429,"Combined"
"209","X1O2NoCyA - X1O2PlusCyA","  GLYCOSAMINOGLYCAN BIOSYNTHESIS KERATAN SULFATE",0.74698312863962,"Combined"
"210","X1O2PlusCyA - X19O2NoCyA","  GLYCOSAMINOGLYCAN BIOSYNTHESIS KERATAN SULFATE",0.993155628380505,"Combined"
"211","X19O2NoCyA - X1O2NoCyA","  GLYCOSAMINOGLYCAN DEGRADATION",0.668591265116745,"Combined"
"212","X1O2NoCyA - X1O2PlusCyA","  GLYCOSAMINOGLYCAN DEGRADATION",0.250025294531688,"Combined"
"213","X1O2PlusCyA - X19O2NoCyA","  GLYCOSAMINOGLYCAN DEGRADATION",0.516918162960672,"Combined"
"214","X19O2NoCyA - X1O2NoCyA","  GLYCOSPHINGOLIPID BIOSYNTHESIS GANGLIO SERIES",0.868797306573882,"Combined"
"215","X1O2NoCyA - X1O2PlusCyA","  GLYCOSPHINGOLIPID BIOSYNTHESIS GANGLIO SERIES",0.955551303679883,"Combined"
"216","X1O2PlusCyA - X19O2NoCyA","  GLYCOSPHINGOLIPID BIOSYNTHESIS GANGLIO SERIES",0.62598836363174,"Combined"
"217","X19O2NoCyA - X1O2NoCyA","  GLYCOSPHINGOLIPID BIOSYNTHESIS GLOBO SERIES",0.632135460119127,"Combined"
"218","X1O2NoCyA - X1O2PlusCyA","  GLYCOSPHINGOLIPID BIOSYNTHESIS GLOBO SERIES",0.894203233652063,"Combined"
"219","X1O2PlusCyA - X19O2NoCyA","  GLYCOSPHINGOLIPID BIOSYNTHESIS GLOBO SERIES",0.836135682054009,"Combined"
"220","X19O2NoCyA - X1O2NoCyA","  GLYCOSPHINGOLIPID BIOSYNTHESIS LACTO AND NEOLACTO SERIES",NA,"Combined"
"221","X1O2NoCyA - X1O2PlusCyA","  GLYCOSPHINGOLIPID BIOSYNTHESIS LACTO AND NEOLACTO SERIES",NA,"Combined"
"222","X1O2PlusCyA - X19O2NoCyA","  GLYCOSPHINGOLIPID BIOSYNTHESIS LACTO AND NEOLACTO SERIES",NA,"Combined"
"223","X19O2NoCyA - X1O2NoCyA","  GLYCOSYLPHOSPHATIDYLINOSITOL GPI ANCHOR BIOSYNTHESIS",0.658164760439536,"Combined"
"224","X1O2NoCyA - X1O2PlusCyA","  GLYCOSYLPHOSPHATIDYLINOSITOL GPI ANCHOR BIOSYNTHESIS",0.963994388948739,"Combined"
"225","X1O2PlusCyA - X19O2NoCyA","  GLYCOSYLPHOSPHATIDYLINOSITOL GPI ANCHOR BIOSYNTHESIS",0.760178166283896,"Combined"
"226","X19O2NoCyA - X1O2NoCyA","  GLYOXYLATE AND DICARBOXYLATE METABOLISM",0.997180366519095,"Combined"
"227","X1O2NoCyA - X1O2PlusCyA","  GLYOXYLATE AND DICARBOXYLATE METABOLISM",0.976710835265635,"Combined"
"228","X1O2PlusCyA - X19O2NoCyA","  GLYOXYLATE AND DICARBOXYLATE METABOLISM",0.968618298817693,"Combined"
"229","X19O2NoCyA - X1O2NoCyA","  GNRH SIGNALING PATHWAY",0.977087659988612,"Combined"
"230","X1O2NoCyA - X1O2PlusCyA","  GNRH SIGNALING PATHWAY",0.997728520634687,"Combined"
"231","X1O2PlusCyA - X19O2NoCyA","  GNRH SIGNALING PATHWAY",0.941640258313769,"Combined"
"232","X19O2NoCyA - X1O2NoCyA","  GRAFT VERSUS HOST DISEASE",0.453329850976434,"Combined"
"233","X1O2NoCyA - X1O2PlusCyA","  GRAFT VERSUS HOST DISEASE",0.955291767647401,"Combined"
"234","X1O2PlusCyA - X19O2NoCyA","  GRAFT VERSUS HOST DISEASE",0.925458776210731,"Combined"
"235","X19O2NoCyA - X1O2NoCyA","  HEDGEHOG SIGNALING PATHWAY",0.964297864981383,"Combined"
"236","X1O2NoCyA - X1O2PlusCyA","  HEDGEHOG SIGNALING PATHWAY",0.977284956134267,"Combined"
"237","X1O2PlusCyA - X19O2NoCyA","  HEDGEHOG SIGNALING PATHWAY",0.975437148126589,"Combined"
"238","X19O2NoCyA - X1O2NoCyA","  HEMATOPOIETIC CELL LINEAGE",0.977560854662337,"Combined"
"239","X1O2NoCyA - X1O2PlusCyA","  HEMATOPOIETIC CELL LINEAGE",0.846463649890295,"Combined"
"240","X1O2PlusCyA - X19O2NoCyA","  HEMATOPOIETIC CELL LINEAGE",0.983948831941239,"Combined"
"241","X19O2NoCyA - X1O2NoCyA","  HISTIDINE METABOLISM",0.973359756828126,"Combined"
"242","X1O2NoCyA - X1O2PlusCyA","  HISTIDINE METABOLISM",0.969625956616254,"Combined"
"243","X1O2PlusCyA - X19O2NoCyA","  HISTIDINE METABOLISM",0.717394771877902,"Combined"
"244","X19O2NoCyA - X1O2NoCyA","  HOMOLOGOUS RECOMBINATION",0.985715239969122,"Combined"
"245","X1O2NoCyA - X1O2PlusCyA","  HOMOLOGOUS RECOMBINATION",0.956388266584463,"Combined"
"246","X1O2PlusCyA - X19O2NoCyA","  HOMOLOGOUS RECOMBINATION",0.706530574917213,"Combined"
"247","X19O2NoCyA - X1O2NoCyA","  HUNTINGTONS DISEASE",0.827388881748978,"Combined"
"248","X1O2NoCyA - X1O2PlusCyA","  HUNTINGTONS DISEASE",0.982605419127844,"Combined"
"249","X1O2PlusCyA - X19O2NoCyA","  HUNTINGTONS DISEASE",0.769417832128549,"Combined"
"250","X19O2NoCyA - X1O2NoCyA","  HYPERTROPHIC CARDIOMYOPATHY HCM",0.983013883818225,"Combined"
"251","X1O2NoCyA - X1O2PlusCyA","  HYPERTROPHIC CARDIOMYOPATHY HCM",0.997581279133851,"Combined"
"252","X1O2PlusCyA - X19O2NoCyA","  HYPERTROPHIC CARDIOMYOPATHY HCM",0.996355667721339,"Combined"
"253","X19O2NoCyA - X1O2NoCyA","  INOSITOL PHOSPHATE METABOLISM",0.976883962379282,"Combined"
"254","X1O2NoCyA - X1O2PlusCyA","  INOSITOL PHOSPHATE METABOLISM",0.994777205803618,"Combined"
"255","X1O2PlusCyA - X19O2NoCyA","  INOSITOL PHOSPHATE METABOLISM",0.836088620042042,"Combined"
"256","X19O2NoCyA - X1O2NoCyA","  INSULIN SIGNALING PATHWAY",0.989329473484232,"Combined"
"257","X1O2NoCyA - X1O2PlusCyA","  INSULIN SIGNALING PATHWAY",0.999536433477666,"Combined"
"258","X1O2PlusCyA - X19O2NoCyA","  INSULIN SIGNALING PATHWAY",0.994337657631179,"Combined"
"259","X19O2NoCyA - X1O2NoCyA","  INTESTINAL IMMUNE NETWORK FOR IGA PRODUCTION",0.993935236799479,"Combined"
"260","X1O2NoCyA - X1O2PlusCyA","  INTESTINAL IMMUNE NETWORK FOR IGA PRODUCTION",0.999710276087108,"Combined"
"261","X1O2PlusCyA - X19O2NoCyA","  INTESTINAL IMMUNE NETWORK FOR IGA PRODUCTION",0.997169119476208,"Combined"
"262","X19O2NoCyA - X1O2NoCyA","  JAK STAT SIGNALING PATHWAY",0.980214441712047,"Combined"
"263","X1O2NoCyA - X1O2PlusCyA","  JAK STAT SIGNALING PATHWAY",0.998293957497103,"Combined"
"264","X1O2PlusCyA - X19O2NoCyA","  JAK STAT SIGNALING PATHWAY",0.888413190826662,"Combined"
"265","X19O2NoCyA - X1O2NoCyA","  LEISHMANIA INFECTION",0.852706795176119,"Combined"
"266","X1O2NoCyA - X1O2PlusCyA","  LEISHMANIA INFECTION",0.980175581128466,"Combined"
"267","X1O2PlusCyA - X19O2NoCyA","  LEISHMANIA INFECTION",0.998623613728562,"Combined"
"268","X19O2NoCyA - X1O2NoCyA","  LEUKOCYTE TRANSENDOTHELIAL MIGRATION",0.999517550289533,"Combined"
"269","X1O2NoCyA - X1O2PlusCyA","  LEUKOCYTE TRANSENDOTHELIAL MIGRATION",0.905362072954012,"Combined"
"270","X1O2PlusCyA - X19O2NoCyA","  LEUKOCYTE TRANSENDOTHELIAL MIGRATION",0.965071265466302,"Combined"
"271","X19O2NoCyA - X1O2NoCyA","  LIMONENE AND PINENE DEGRADATION",0.863238251074221,"Combined"
"272","X1O2NoCyA - X1O2PlusCyA","  LIMONENE AND PINENE DEGRADATION",0.946502370589083,"Combined"
"273","X1O2PlusCyA - X19O2NoCyA","  LIMONENE AND PINENE DEGRADATION",0.313253857482554,"Combined"
"274","X19O2NoCyA - X1O2NoCyA","  LINOLEIC ACID METABOLISM",NA,"Combined"
"275","X1O2NoCyA - X1O2PlusCyA","  LINOLEIC ACID METABOLISM",NA,"Combined"
"276","X1O2PlusCyA - X19O2NoCyA","  LINOLEIC ACID METABOLISM",NA,"Combined"
"277","X19O2NoCyA - X1O2NoCyA","  LONG TERM DEPRESSION",0.984926260130128,"Combined"
"278","X1O2NoCyA - X1O2PlusCyA","  LONG TERM DEPRESSION",0.971156960297784,"Combined"
"279","X1O2PlusCyA - X19O2NoCyA","  LONG TERM DEPRESSION",0.99773966298691,"Combined"
"280","X19O2NoCyA - X1O2NoCyA","  LONG TERM POTENTIATION",0.989887910063968,"Combined"
"281","X1O2NoCyA - X1O2PlusCyA","  LONG TERM POTENTIATION",0.658625084892307,"Combined"
"282","X1O2PlusCyA - X19O2NoCyA","  LONG TERM POTENTIATION",0.9929616143853,"Combined"
"283","X19O2NoCyA - X1O2NoCyA","  LYSINE DEGRADATION",0.997800205996247,"Combined"
"284","X1O2NoCyA - X1O2PlusCyA","  LYSINE DEGRADATION",0.883344337561135,"Combined"
"285","X1O2PlusCyA - X19O2NoCyA","  LYSINE DEGRADATION",0.800048021093514,"Combined"
"286","X19O2NoCyA - X1O2NoCyA","  LYSOSOME",0.779024342929888,"Combined"
"287","X1O2NoCyA - X1O2PlusCyA","  LYSOSOME",0.864131850481747,"Combined"
"288","X1O2PlusCyA - X19O2NoCyA","  LYSOSOME",0.733006486918132,"Combined"
"289","X19O2NoCyA - X1O2NoCyA","  MAPK SIGNALING PATHWAY",0.999491879069311,"Combined"
"290","X1O2NoCyA - X1O2PlusCyA","  MAPK SIGNALING PATHWAY",0.99903228103459,"Combined"
"291","X1O2PlusCyA - X19O2NoCyA","  MAPK SIGNALING PATHWAY",0.999771578221236,"Combined"
"292","X19O2NoCyA - X1O2NoCyA","  MATURITY ONSET DIABETES OF THE YOUNG",0.99268260310295,"Combined"
"293","X1O2NoCyA - X1O2PlusCyA","  MATURITY ONSET DIABETES OF THE YOUNG",0.769559486459645,"Combined"
"294","X1O2PlusCyA - X19O2NoCyA","  MATURITY ONSET DIABETES OF THE YOUNG",0.911996062806586,"Combined"
"295","X19O2NoCyA - X1O2NoCyA","  MELANOGENESIS",0.992635663583215,"Combined"
"296","X1O2NoCyA - X1O2PlusCyA","  MELANOGENESIS",0.988388657193688,"Combined"
"297","X1O2PlusCyA - X19O2NoCyA","  MELANOGENESIS",0.941630226353135,"Combined"
"298","X19O2NoCyA - X1O2NoCyA","  MELANOMA",0.986557113212181,"Combined"
"299","X1O2NoCyA - X1O2PlusCyA","  MELANOMA",0.985406256965707,"Combined"
"300","X1O2PlusCyA - X19O2NoCyA","  MELANOMA",0.98859589937346,"Combined"
"301","X19O2NoCyA - X1O2NoCyA","  METABOLISM OF XENOBIOTICS BY CYTOCHROME P ",0.843902131858086,"Combined"
"302","X1O2NoCyA - X1O2PlusCyA","  METABOLISM OF XENOBIOTICS BY CYTOCHROME P ",0.999045462876286,"Combined"
"303","X1O2PlusCyA - X19O2NoCyA","  METABOLISM OF XENOBIOTICS BY CYTOCHROME P ",0.824698791873327,"Combined"
"304","X19O2NoCyA - X1O2NoCyA","  MISMATCH REPAIR",0.978364661913685,"Combined"
"305","X1O2NoCyA - X1O2PlusCyA","  MISMATCH REPAIR",0.501989027475962,"Combined"
"306","X1O2PlusCyA - X19O2NoCyA","  MISMATCH REPAIR",0.889314151878806,"Combined"
"307","X19O2NoCyA - X1O2NoCyA","  MTOR SIGNALING PATHWAY",0.994098588386229,"Combined"
"308","X1O2NoCyA - X1O2PlusCyA","  MTOR SIGNALING PATHWAY",0.998186911428354,"Combined"
"309","X1O2PlusCyA - X19O2NoCyA","  MTOR SIGNALING PATHWAY",0.997466406944705,"Combined"
"310","X19O2NoCyA - X1O2NoCyA","  N GLYCAN BIOSYNTHESIS",0.787687265736629,"Combined"
"311","X1O2NoCyA - X1O2PlusCyA","  N GLYCAN BIOSYNTHESIS",0.695607577634668,"Combined"
"312","X1O2PlusCyA - X19O2NoCyA","  N GLYCAN BIOSYNTHESIS",0.214884057449979,"Combined"
"313","X19O2NoCyA - X1O2NoCyA","  NATURAL KILLER CELL MEDIATED CYTOTOXICITY",0.995889638950739,"Combined"
"314","X1O2NoCyA - X1O2PlusCyA","  NATURAL KILLER CELL MEDIATED CYTOTOXICITY",0.992530561505253,"Combined"
"315","X1O2PlusCyA - X19O2NoCyA","  NATURAL KILLER CELL MEDIATED CYTOTOXICITY",0.999496226160162,"Combined"
"316","X19O2NoCyA - X1O2NoCyA","  NEUROACTIVE LIGAND RECEPTOR INTERACTION",0.985715239969122,"Combined"
"317","X1O2NoCyA - X1O2PlusCyA","  NEUROACTIVE LIGAND RECEPTOR INTERACTION",0.935858609047364,"Combined"
"318","X1O2PlusCyA - X19O2NoCyA","  NEUROACTIVE LIGAND RECEPTOR INTERACTION",0.751883960805586,"Combined"
"319","X19O2NoCyA - X1O2NoCyA","  NEUROTROPHIN SIGNALING PATHWAY",0.974840114726136,"Combined"
"320","X1O2NoCyA - X1O2PlusCyA","  NEUROTROPHIN SIGNALING PATHWAY",0.989559534733016,"Combined"
"321","X1O2PlusCyA - X19O2NoCyA","  NEUROTROPHIN SIGNALING PATHWAY",0.996934918167114,"Combined"
"322","X19O2NoCyA - X1O2NoCyA","  NICOTINATE AND NICOTINAMIDE METABOLISM",0.99812782567184,"Combined"
"323","X1O2NoCyA - X1O2PlusCyA","  NICOTINATE AND NICOTINAMIDE METABOLISM",0.998197441339876,"Combined"
"324","X1O2PlusCyA - X19O2NoCyA","  NICOTINATE AND NICOTINAMIDE METABOLISM",0.996502162875475,"Combined"
"325","X19O2NoCyA - X1O2NoCyA","  NITROGEN METABOLISM",0.946646780215188,"Combined"
"326","X1O2NoCyA - X1O2PlusCyA","  NITROGEN METABOLISM",0.963896461647381,"Combined"
"327","X1O2PlusCyA - X19O2NoCyA","  NITROGEN METABOLISM",0.900924679697965,"Combined"
"328","X19O2NoCyA - X1O2NoCyA","  NOD LIKE RECEPTOR SIGNALING PATHWAY",0.999843911467159,"Combined"
"329","X1O2NoCyA - X1O2PlusCyA","  NOD LIKE RECEPTOR SIGNALING PATHWAY",0.989146903966753,"Combined"
"330","X1O2PlusCyA - X19O2NoCyA","  NOD LIKE RECEPTOR SIGNALING PATHWAY",0.96030948789045,"Combined"
"331","X19O2NoCyA - X1O2NoCyA","  NON HOMOLOGOUS END JOINING",0.999111045837629,"Combined"
"332","X1O2NoCyA - X1O2PlusCyA","  NON HOMOLOGOUS END JOINING",0.983564137629091,"Combined"
"333","X1O2PlusCyA - X19O2NoCyA","  NON HOMOLOGOUS END JOINING",0.916644620514834,"Combined"
"334","X19O2NoCyA - X1O2NoCyA","  NON SMALL CELL LUNG CANCER",0.999464200265957,"Combined"
"335","X1O2NoCyA - X1O2PlusCyA","  NON SMALL CELL LUNG CANCER",0.991410589537552,"Combined"
"336","X1O2PlusCyA - X19O2NoCyA","  NON SMALL CELL LUNG CANCER",0.943341078856828,"Combined"
"337","X19O2NoCyA - X1O2NoCyA","  NOTCH SIGNALING PATHWAY",0.99840571153285,"Combined"
"338","X1O2NoCyA - X1O2PlusCyA","  NOTCH SIGNALING PATHWAY",0.837874709068189,"Combined"
"339","X1O2PlusCyA - X19O2NoCyA","  NOTCH SIGNALING PATHWAY",0.833882936760004,"Combined"
"340","X19O2NoCyA - X1O2NoCyA","  NUCLEOTIDE EXCISION REPAIR",0.963993271612905,"Combined"
"341","X1O2NoCyA - X1O2PlusCyA","  NUCLEOTIDE EXCISION REPAIR",0.844026294366637,"Combined"
"342","X1O2PlusCyA - X19O2NoCyA","  NUCLEOTIDE EXCISION REPAIR",0.978428075043528,"Combined"
"343","X19O2NoCyA - X1O2NoCyA","  O GLYCAN BIOSYNTHESIS",0.197374330425166,"Combined"
"344","X1O2NoCyA - X1O2PlusCyA","  O GLYCAN BIOSYNTHESIS",0.832964096492847,"Combined"
"345","X1O2PlusCyA - X19O2NoCyA","  O GLYCAN BIOSYNTHESIS",0.0101863322754673,"Combined"
"346","X19O2NoCyA - X1O2NoCyA","  OLFACTORY TRANSDUCTION",0.93345656158506,"Combined"
"347","X1O2NoCyA - X1O2PlusCyA","  OLFACTORY TRANSDUCTION",0.760155623077321,"Combined"
"348","X1O2PlusCyA - X19O2NoCyA","  OLFACTORY TRANSDUCTION",0.940778019664119,"Combined"
"349","X19O2NoCyA - X1O2NoCyA","  ONE CARBON POOL BY FOLATE",0.891559946180424,"Combined"
"350","X1O2NoCyA - X1O2PlusCyA","  ONE CARBON POOL BY FOLATE",0.997132753414391,"Combined"
"351","X1O2PlusCyA - X19O2NoCyA","  ONE CARBON POOL BY FOLATE",0.842314520671965,"Combined"
"352","X19O2NoCyA - X1O2NoCyA","  OOCYTE MEIOSIS",0.986658074813702,"Combined"
"353","X1O2NoCyA - X1O2PlusCyA","  OOCYTE MEIOSIS",0.618556375421494,"Combined"
"354","X1O2PlusCyA - X19O2NoCyA","  OOCYTE MEIOSIS",0.63869161311978,"Combined"
"355","X19O2NoCyA - X1O2NoCyA","  OTHER GLYCAN DEGRADATION",0.792786191842286,"Combined"
"356","X1O2NoCyA - X1O2PlusCyA","  OTHER GLYCAN DEGRADATION",0.34962032596202,"Combined"
"357","X1O2PlusCyA - X19O2NoCyA","  OTHER GLYCAN DEGRADATION",0.704060400346584,"Combined"
"358","X19O2NoCyA - X1O2NoCyA","  OXIDATIVE PHOSPHORYLATION",0.293686413346399,"Combined"
"359","X1O2NoCyA - X1O2PlusCyA","  OXIDATIVE PHOSPHORYLATION",0.982605419127844,"Combined"
"360","X1O2PlusCyA - X19O2NoCyA","  OXIDATIVE PHOSPHORYLATION",0.932208920011103,"Combined"
"361","X19O2NoCyA - X1O2NoCyA","  P53 SIGNALING PATHWAY",0.987352285573006,"Combined"
"362","X1O2NoCyA - X1O2PlusCyA","  P53 SIGNALING PATHWAY",0.909772960692193,"Combined"
"363","X1O2PlusCyA - X19O2NoCyA","  P53 SIGNALING PATHWAY",0.946398409985548,"Combined"
"364","X19O2NoCyA - X1O2NoCyA","  PANCREATIC CANCER",0.980534196350878,"Combined"
"365","X1O2NoCyA - X1O2PlusCyA","  PANCREATIC CANCER",0.933518311266796,"Combined"
"366","X1O2PlusCyA - X19O2NoCyA","  PANCREATIC CANCER",0.962977008316051,"Combined"
"367","X19O2NoCyA - X1O2NoCyA","  PANTOTHENATE AND COA BIOSYNTHESIS",0.975587108221327,"Combined"
"368","X1O2NoCyA - X1O2PlusCyA","  PANTOTHENATE AND COA BIOSYNTHESIS",0.995234987418924,"Combined"
"369","X1O2PlusCyA - X19O2NoCyA","  PANTOTHENATE AND COA BIOSYNTHESIS",0.994778311205461,"Combined"
"370","X19O2NoCyA - X1O2NoCyA","  PARKINSONS DISEASE",0.406386240818153,"Combined"
"371","X1O2NoCyA - X1O2PlusCyA","  PARKINSONS DISEASE",0.598057040121811,"Combined"
"372","X1O2PlusCyA - X19O2NoCyA","  PARKINSONS DISEASE",0.90007103040798,"Combined"
"373","X19O2NoCyA - X1O2NoCyA","  PATHOGENIC ESCHERICHIA COLI INFECTION",0.939245111718825,"Combined"
"374","X1O2NoCyA - X1O2PlusCyA","  PATHOGENIC ESCHERICHIA COLI INFECTION",0.738605400643234,"Combined"
"375","X1O2PlusCyA - X19O2NoCyA","  PATHOGENIC ESCHERICHIA COLI INFECTION",0.993769774065934,"Combined"
"376","X19O2NoCyA - X1O2NoCyA","  PATHWAYS IN CANCER",0.996560358813941,"Combined"
"377","X1O2NoCyA - X1O2PlusCyA","  PATHWAYS IN CANCER",0.997701040499278,"Combined"
"378","X1O2PlusCyA - X19O2NoCyA","  PATHWAYS IN CANCER",0.999240967135368,"Combined"
"379","X19O2NoCyA - X1O2NoCyA","  PENTOSE AND GLUCURONATE INTERCONVERSIONS",0.880699239957125,"Combined"
"380","X1O2NoCyA - X1O2PlusCyA","  PENTOSE AND GLUCURONATE INTERCONVERSIONS",0.961485913199028,"Combined"
"381","X1O2PlusCyA - X19O2NoCyA","  PENTOSE AND GLUCURONATE INTERCONVERSIONS",0.977858339210687,"Combined"
"382","X19O2NoCyA - X1O2NoCyA","  PENTOSE PHOSPHATE PATHWAY",0.440411234959209,"Combined"
"383","X1O2NoCyA - X1O2PlusCyA","  PENTOSE PHOSPHATE PATHWAY",0.749963655226327,"Combined"
"384","X1O2PlusCyA - X19O2NoCyA","  PENTOSE PHOSPHATE PATHWAY",0.974323022890033,"Combined"
"385","X19O2NoCyA - X1O2NoCyA","  PEROXISOME",0.636410226852417,"Combined"
"386","X1O2NoCyA - X1O2PlusCyA","  PEROXISOME",0.945419132890228,"Combined"
"387","X1O2PlusCyA - X19O2NoCyA","  PEROXISOME",0.754739036316975,"Combined"
"388","X19O2NoCyA - X1O2NoCyA","  PHENYLALANINE METABOLISM",0.956908507124674,"Combined"
"389","X1O2NoCyA - X1O2PlusCyA","  PHENYLALANINE METABOLISM",0.985886398858089,"Combined"
"390","X1O2PlusCyA - X19O2NoCyA","  PHENYLALANINE METABOLISM",0.753423723297368,"Combined"
"391","X19O2NoCyA - X1O2NoCyA","  PHOSPHATIDYLINOSITOL SIGNALING SYSTEM",0.696346518021458,"Combined"
"392","X1O2NoCyA - X1O2PlusCyA","  PHOSPHATIDYLINOSITOL SIGNALING SYSTEM",0.932087239417944,"Combined"
"393","X1O2PlusCyA - X19O2NoCyA","  PHOSPHATIDYLINOSITOL SIGNALING SYSTEM",0.777438937827015,"Combined"
"394","X19O2NoCyA - X1O2NoCyA","  PORPHYRIN AND CHLOROPHYLL METABOLISM",0.0814773953332073,"Combined"
"395","X1O2NoCyA - X1O2PlusCyA","  PORPHYRIN AND CHLOROPHYLL METABOLISM",0.785133255472268,"Combined"
"396","X1O2PlusCyA - X19O2NoCyA","  PORPHYRIN AND CHLOROPHYLL METABOLISM",0.512412404160211,"Combined"
"397","X19O2NoCyA - X1O2NoCyA","  PPAR SIGNALING PATHWAY",0.799250740505775,"Combined"
"398","X1O2NoCyA - X1O2PlusCyA","  PPAR SIGNALING PATHWAY",0.998395463188638,"Combined"
"399","X1O2PlusCyA - X19O2NoCyA","  PPAR SIGNALING PATHWAY",0.678864206684036,"Combined"
"400","X19O2NoCyA - X1O2NoCyA","  PRIMARY BILE ACID BIOSYNTHESIS",0.953780037038002,"Combined"
"401","X1O2NoCyA - X1O2PlusCyA","  PRIMARY BILE ACID BIOSYNTHESIS",0.967736920034651,"Combined"
"402","X1O2PlusCyA - X19O2NoCyA","  PRIMARY BILE ACID BIOSYNTHESIS",0.590674761104187,"Combined"
"403","X19O2NoCyA - X1O2NoCyA","  PRIMARY IMMUNODEFICIENCY",0.945951017059622,"Combined"
"404","X1O2NoCyA - X1O2PlusCyA","  PRIMARY IMMUNODEFICIENCY",0.995638350732242,"Combined"
"405","X1O2PlusCyA - X19O2NoCyA","  PRIMARY IMMUNODEFICIENCY",0.923862121024424,"Combined"
"406","X19O2NoCyA - X1O2NoCyA","  PRION DISEASES",0.983153151018923,"Combined"
"407","X1O2NoCyA - X1O2PlusCyA","  PRION DISEASES",0.989559534733016,"Combined"
"408","X1O2PlusCyA - X19O2NoCyA","  PRION DISEASES",0.962036256410059,"Combined"
"409","X19O2NoCyA - X1O2NoCyA","  PROGESTERONE MEDIATED OOCYTE MATURATION",0.98573802455898,"Combined"
"410","X1O2NoCyA - X1O2PlusCyA","  PROGESTERONE MEDIATED OOCYTE MATURATION",0.929876789840477,"Combined"
"411","X1O2PlusCyA - X19O2NoCyA","  PROGESTERONE MEDIATED OOCYTE MATURATION",0.712432690315089,"Combined"
"412","X19O2NoCyA - X1O2NoCyA","  PROPANOATE METABOLISM",0.818989469423183,"Combined"
"413","X1O2NoCyA - X1O2PlusCyA","  PROPANOATE METABOLISM",0.749027900514964,"Combined"
"414","X1O2PlusCyA - X19O2NoCyA","  PROPANOATE METABOLISM",0.104525848088601,"Combined"
"415","X19O2NoCyA - X1O2NoCyA","  PROSTATE CANCER",0.99998965816515,"Combined"
"416","X1O2NoCyA - X1O2PlusCyA","  PROSTATE CANCER",0.997143458642562,"Combined"
"417","X1O2PlusCyA - X19O2NoCyA","  PROSTATE CANCER",0.9975399622981,"Combined"
"418","X19O2NoCyA - X1O2NoCyA","  PROTEASOME",0.98951162909502,"Combined"
"419","X1O2NoCyA - X1O2PlusCyA","  PROTEASOME",0.726652629912889,"Combined"
"420","X1O2PlusCyA - X19O2NoCyA","  PROTEASOME",0.487581780531401,"Combined"
"421","X19O2NoCyA - X1O2NoCyA","  PROTEIN EXPORT",0.99900487372627,"Combined"
"422","X1O2NoCyA - X1O2PlusCyA","  PROTEIN EXPORT",0.214467753892908,"Combined"
"423","X1O2PlusCyA - X19O2NoCyA","  PROTEIN EXPORT",0.181764439747066,"Combined"
"424","X19O2NoCyA - X1O2NoCyA","  PROXIMAL TUBULE BICARBONATE RECLAMATION",0.997548677732911,"Combined"
"425","X1O2NoCyA - X1O2PlusCyA","  PROXIMAL TUBULE BICARBONATE RECLAMATION",0.998734851380669,"Combined"
"426","X1O2PlusCyA - X19O2NoCyA","  PROXIMAL TUBULE BICARBONATE RECLAMATION",0.962170262266157,"Combined"
"427","X19O2NoCyA - X1O2NoCyA","  PURINE METABOLISM",0.999843911467159,"Combined"
"428","X1O2NoCyA - X1O2PlusCyA","  PURINE METABOLISM",0.998767047049149,"Combined"
"429","X1O2PlusCyA - X19O2NoCyA","  PURINE METABOLISM",0.996502162875475,"Combined"
"430","X19O2NoCyA - X1O2NoCyA","  PYRIMIDINE METABOLISM",0.999367767550531,"Combined"
"431","X1O2NoCyA - X1O2PlusCyA","  PYRIMIDINE METABOLISM",0.989559534733016,"Combined"
"432","X1O2PlusCyA - X19O2NoCyA","  PYRIMIDINE METABOLISM",0.979662907775344,"Combined"
"433","X19O2NoCyA - X1O2NoCyA","  PYRUVATE METABOLISM",0.765970718417501,"Combined"
"434","X1O2NoCyA - X1O2PlusCyA","  PYRUVATE METABOLISM",0.920655781438814,"Combined"
"435","X1O2PlusCyA - X19O2NoCyA","  PYRUVATE METABOLISM",0.66051247975365,"Combined"
"436","X19O2NoCyA - X1O2NoCyA","  REGULATION OF ACTIN CYTOSKELETON",0.997257792028172,"Combined"
"437","X1O2NoCyA - X1O2PlusCyA","  REGULATION OF ACTIN CYTOSKELETON",0.997248669664079,"Combined"
"438","X1O2PlusCyA - X19O2NoCyA","  REGULATION OF ACTIN CYTOSKELETON",0.997711795750836,"Combined"
"439","X19O2NoCyA - X1O2NoCyA","  REGULATION OF AUTOPHAGY",0.962179074110828,"Combined"
"440","X1O2NoCyA - X1O2PlusCyA","  REGULATION OF AUTOPHAGY",0.994442207812525,"Combined"
"441","X1O2PlusCyA - X19O2NoCyA","  REGULATION OF AUTOPHAGY",0.989625150167596,"Combined"
"442","X19O2NoCyA - X1O2NoCyA","  RENAL CELL CARCINOMA",0.900108413557383,"Combined"
"443","X1O2NoCyA - X1O2PlusCyA","  RENAL CELL CARCINOMA",0.905366894897167,"Combined"
"444","X1O2PlusCyA - X19O2NoCyA","  RENAL CELL CARCINOMA",0.996345203756874,"Combined"
"445","X19O2NoCyA - X1O2NoCyA","  RENIN ANGIOTENSIN SYSTEM",0.99975535024203,"Combined"
"446","X1O2NoCyA - X1O2PlusCyA","  RENIN ANGIOTENSIN SYSTEM",0.989559534733016,"Combined"
"447","X1O2PlusCyA - X19O2NoCyA","  RENIN ANGIOTENSIN SYSTEM",0.997953668501892,"Combined"
"448","X19O2NoCyA - X1O2NoCyA","  RETINOL METABOLISM",0.56548957183085,"Combined"
"449","X1O2NoCyA - X1O2PlusCyA","  RETINOL METABOLISM",0.558110602818981,"Combined"
"450","X1O2PlusCyA - X19O2NoCyA","  RETINOL METABOLISM",0.963943263089075,"Combined"
"451","X19O2NoCyA - X1O2NoCyA","  RIBOFLAVIN METABOLISM",0.996309945826216,"Combined"
"452","X1O2NoCyA - X1O2PlusCyA","  RIBOFLAVIN METABOLISM",0.992228031146659,"Combined"
"453","X1O2PlusCyA - X19O2NoCyA","  RIBOFLAVIN METABOLISM",0.997484981389409,"Combined"
"454","X19O2NoCyA - X1O2NoCyA","  RIBOSOME",2.51923811367915e-07,"Combined"
"455","X1O2NoCyA - X1O2PlusCyA","  RIBOSOME",0.0617127313483644,"Combined"
"456","X1O2PlusCyA - X19O2NoCyA","  RIBOSOME",1.18989941740818e-21,"Combined"
"457","X19O2NoCyA - X1O2NoCyA","  RIG I LIKE RECEPTOR SIGNALING PATHWAY",0.990820342778436,"Combined"
"458","X1O2NoCyA - X1O2PlusCyA","  RIG I LIKE RECEPTOR SIGNALING PATHWAY",0.679492150369655,"Combined"
"459","X1O2PlusCyA - X19O2NoCyA","  RIG I LIKE RECEPTOR SIGNALING PATHWAY",0.971662712211693,"Combined"
"460","X19O2NoCyA - X1O2NoCyA","  RNA DEGRADATION",0.999367767550531,"Combined"
"461","X1O2NoCyA - X1O2PlusCyA","  RNA DEGRADATION",0.945562537392209,"Combined"
"462","X1O2PlusCyA - X19O2NoCyA","  RNA DEGRADATION",0.968793461325342,"Combined"
"463","X19O2NoCyA - X1O2NoCyA","  RNA POLYMERASE",0.97887242983,"Combined"
"464","X1O2NoCyA - X1O2PlusCyA","  RNA POLYMERASE",0.963988460930632,"Combined"
"465","X1O2PlusCyA - X19O2NoCyA","  RNA POLYMERASE",0.999513767239088,"Combined"
"466","X19O2NoCyA - X1O2NoCyA","  SELENOAMINO ACID METABOLISM",0.954936470551634,"Combined"
"467","X1O2NoCyA - X1O2PlusCyA","  SELENOAMINO ACID METABOLISM",0.914942847738891,"Combined"
"468","X1O2PlusCyA - X19O2NoCyA","  SELENOAMINO ACID METABOLISM",0.992790537380186,"Combined"
"469","X19O2NoCyA - X1O2NoCyA","  SMALL CELL LUNG CANCER",0.986250335444656,"Combined"
"470","X1O2NoCyA - X1O2PlusCyA","  SMALL CELL LUNG CANCER",0.955307843286271,"Combined"
"471","X1O2PlusCyA - X19O2NoCyA","  SMALL CELL LUNG CANCER",0.997750827836975,"Combined"
"472","X19O2NoCyA - X1O2NoCyA","  SNARE INTERACTIONS IN VESICULAR TRANSPORT",0.886263232077306,"Combined"
"473","X1O2NoCyA - X1O2PlusCyA","  SNARE INTERACTIONS IN VESICULAR TRANSPORT",0.91860875317417,"Combined"
"474","X1O2PlusCyA - X19O2NoCyA","  SNARE INTERACTIONS IN VESICULAR TRANSPORT",0.819866854671214,"Combined"
"475","X19O2NoCyA - X1O2NoCyA","  SPHINGOLIPID METABOLISM",0.998069504441546,"Combined"
"476","X1O2NoCyA - X1O2PlusCyA","  SPHINGOLIPID METABOLISM",0.991757095534437,"Combined"
"477","X1O2PlusCyA - X19O2NoCyA","  SPHINGOLIPID METABOLISM",0.99916728684942,"Combined"
"478","X19O2NoCyA - X1O2NoCyA","  SPLICEOSOME",0.91476743100466,"Combined"
"479","X1O2NoCyA - X1O2PlusCyA","  SPLICEOSOME",0.79213140127918,"Combined"
"480","X1O2PlusCyA - X19O2NoCyA","  SPLICEOSOME",0.487495370300579,"Combined"
"481","X19O2NoCyA - X1O2NoCyA","  STARCH AND SUCROSE METABOLISM",0.129366669781129,"Combined"
"482","X1O2NoCyA - X1O2PlusCyA","  STARCH AND SUCROSE METABOLISM",0.998395463188638,"Combined"
"483","X1O2PlusCyA - X19O2NoCyA","  STARCH AND SUCROSE METABOLISM",0.198924602569417,"Combined"
"484","X19O2NoCyA - X1O2NoCyA","  STEROID BIOSYNTHESIS",0.0835150670477248,"Combined"
"485","X1O2NoCyA - X1O2PlusCyA","  STEROID BIOSYNTHESIS",0.554001471880046,"Combined"
"486","X1O2PlusCyA - X19O2NoCyA","  STEROID BIOSYNTHESIS",0.715820272586406,"Combined"
"487","X19O2NoCyA - X1O2NoCyA","  STEROID HORMONE BIOSYNTHESIS",0.572229583497253,"Combined"
"488","X1O2NoCyA - X1O2PlusCyA","  STEROID HORMONE BIOSYNTHESIS",0.712497692291252,"Combined"
"489","X1O2PlusCyA - X19O2NoCyA","  STEROID HORMONE BIOSYNTHESIS",0.0475315321983329,"Combined"
"490","X19O2NoCyA - X1O2NoCyA","  SULFUR METABOLISM",0.799051355202491,"Combined"
"491","X1O2NoCyA - X1O2PlusCyA","  SULFUR METABOLISM",0.971834168515944,"Combined"
"492","X1O2PlusCyA - X19O2NoCyA","  SULFUR METABOLISM",0.962297868275246,"Combined"
"493","X19O2NoCyA - X1O2NoCyA","  SYSTEMIC LUPUS ERYTHEMATOSUS",0.96148440723248,"Combined"
"494","X1O2NoCyA - X1O2PlusCyA","  SYSTEMIC LUPUS ERYTHEMATOSUS",0.90124695589551,"Combined"
"495","X1O2PlusCyA - X19O2NoCyA","  SYSTEMIC LUPUS ERYTHEMATOSUS",0.881753371612452,"Combined"
"496","X19O2NoCyA - X1O2NoCyA","  T CELL RECEPTOR SIGNALING PATHWAY",0.999588576965533,"Combined"
"497","X1O2NoCyA - X1O2PlusCyA","  T CELL RECEPTOR SIGNALING PATHWAY",0.978977627742466,"Combined"
"498","X1O2PlusCyA - X19O2NoCyA","  T CELL RECEPTOR SIGNALING PATHWAY",0.959593317223366,"Combined"
"499","X19O2NoCyA - X1O2NoCyA","  TASTE TRANSDUCTION",0.994429296899597,"Combined"
"500","X1O2NoCyA - X1O2PlusCyA","  TASTE TRANSDUCTION",0.946361210523092,"Combined"
"501","X1O2PlusCyA - X19O2NoCyA","  TASTE TRANSDUCTION",0.983237046832429,"Combined"
"502","X19O2NoCyA - X1O2NoCyA","  TAURINE AND HYPOTAURINE METABOLISM",0.474849098566225,"Combined"
"503","X1O2NoCyA - X1O2PlusCyA","  TAURINE AND HYPOTAURINE METABOLISM",0.969092123850222,"Combined"
"504","X1O2PlusCyA - X19O2NoCyA","  TAURINE AND HYPOTAURINE METABOLISM",0.747591815442151,"Combined"
"505","X19O2NoCyA - X1O2NoCyA","  TERPENOID BACKBONE BIOSYNTHESIS",0.884458670469652,"Combined"
"506","X1O2NoCyA - X1O2PlusCyA","  TERPENOID BACKBONE BIOSYNTHESIS",0.886712519160418,"Combined"
"507","X1O2PlusCyA - X19O2NoCyA","  TERPENOID BACKBONE BIOSYNTHESIS",0.965909234054129,"Combined"
"508","X19O2NoCyA - X1O2NoCyA","  TGF BETA SIGNALING PATHWAY",0.999423097670854,"Combined"
"509","X1O2NoCyA - X1O2PlusCyA","  TGF BETA SIGNALING PATHWAY",0.990269729289134,"Combined"
"510","X1O2PlusCyA - X19O2NoCyA","  TGF BETA SIGNALING PATHWAY",0.998957061303491,"Combined"
"511","X19O2NoCyA - X1O2NoCyA","  THYROID CANCER",0.998106177005243,"Combined"
"512","X1O2NoCyA - X1O2PlusCyA","  THYROID CANCER",0.995474059883409,"Combined"
"513","X1O2PlusCyA - X19O2NoCyA","  THYROID CANCER",0.999263919108135,"Combined"
"514","X19O2NoCyA - X1O2NoCyA","  TIGHT JUNCTION",0.992168900628613,"Combined"
"515","X1O2NoCyA - X1O2PlusCyA","  TIGHT JUNCTION",0.970904850879024,"Combined"
"516","X1O2PlusCyA - X19O2NoCyA","  TIGHT JUNCTION",0.870638881294957,"Combined"
"517","X19O2NoCyA - X1O2NoCyA","  TOLL LIKE RECEPTOR SIGNALING PATHWAY",0.979884131061113,"Combined"
"518","X1O2NoCyA - X1O2PlusCyA","  TOLL LIKE RECEPTOR SIGNALING PATHWAY",0.999337418356489,"Combined"
"519","X1O2PlusCyA - X19O2NoCyA","  TOLL LIKE RECEPTOR SIGNALING PATHWAY",0.979635219745296,"Combined"
"520","X19O2NoCyA - X1O2NoCyA","  TRYPTOPHAN METABOLISM",0.794017121262538,"Combined"
"521","X1O2NoCyA - X1O2PlusCyA","  TRYPTOPHAN METABOLISM",0.918150819987936,"Combined"
"522","X1O2PlusCyA - X19O2NoCyA","  TRYPTOPHAN METABOLISM",0.42880759161042,"Combined"
"523","X19O2NoCyA - X1O2NoCyA","  TYPE I DIABETES MELLITUS",0.485288188829488,"Combined"
"524","X1O2NoCyA - X1O2PlusCyA","  TYPE I DIABETES MELLITUS",0.96676803854244,"Combined"
"525","X1O2PlusCyA - X19O2NoCyA","  TYPE I DIABETES MELLITUS",0.927527208408998,"Combined"
"526","X19O2NoCyA - X1O2NoCyA","  TYPE II DIABETES MELLITUS",0.982118069687033,"Combined"
"527","X1O2NoCyA - X1O2PlusCyA","  TYPE II DIABETES MELLITUS",0.989559534733016,"Combined"
"528","X1O2PlusCyA - X19O2NoCyA","  TYPE II DIABETES MELLITUS",0.954814059375648,"Combined"
"529","X19O2NoCyA - X1O2NoCyA","  TYROSINE METABOLISM",0.996792521118181,"Combined"
"530","X1O2NoCyA - X1O2PlusCyA","  TYROSINE METABOLISM",0.988756099476383,"Combined"
"531","X1O2PlusCyA - X19O2NoCyA","  TYROSINE METABOLISM",0.975453690054896,"Combined"
"532","X19O2NoCyA - X1O2NoCyA","  UBIQUITIN MEDIATED PROTEOLYSIS",0.942430386436508,"Combined"
"533","X1O2NoCyA - X1O2PlusCyA","  UBIQUITIN MEDIATED PROTEOLYSIS",0.993164337037731,"Combined"
"534","X1O2PlusCyA - X19O2NoCyA","  UBIQUITIN MEDIATED PROTEOLYSIS",0.602915140453026,"Combined"
"535","X19O2NoCyA - X1O2NoCyA","  VALINE LEUCINE AND ISOLEUCINE BIOSYNTHESIS",0.999261137578777,"Combined"
"536","X1O2NoCyA - X1O2PlusCyA","  VALINE LEUCINE AND ISOLEUCINE BIOSYNTHESIS",0.991348556904046,"Combined"
"537","X1O2PlusCyA - X19O2NoCyA","  VALINE LEUCINE AND ISOLEUCINE BIOSYNTHESIS",0.772063128090755,"Combined"
"538","X19O2NoCyA - X1O2NoCyA","  VALINE LEUCINE AND ISOLEUCINE DEGRADATION",0.784906699094277,"Combined"
"539","X1O2NoCyA - X1O2PlusCyA","  VALINE LEUCINE AND ISOLEUCINE DEGRADATION",0.359201623550204,"Combined"
"540","X1O2PlusCyA - X19O2NoCyA","  VALINE LEUCINE AND ISOLEUCINE DEGRADATION",0.0331511189044059,"Combined"
"541","X19O2NoCyA - X1O2NoCyA","  VASCULAR SMOOTH MUSCLE CONTRACTION",0.992641243464777,"Combined"
"542","X1O2NoCyA - X1O2PlusCyA","  VASCULAR SMOOTH MUSCLE CONTRACTION",0.99836601141526,"Combined"
"543","X1O2PlusCyA - X19O2NoCyA","  VASCULAR SMOOTH MUSCLE CONTRACTION",0.987992048768255,"Combined"
"544","X19O2NoCyA - X1O2NoCyA","  VASOPRESSIN REGULATED WATER REABSORPTION",0.995308914263865,"Combined"
"545","X1O2NoCyA - X1O2PlusCyA","  VASOPRESSIN REGULATED WATER REABSORPTION",0.997483389173932,"Combined"
"546","X1O2PlusCyA - X19O2NoCyA","  VASOPRESSIN REGULATED WATER REABSORPTION",0.996345203756874,"Combined"
"547","X19O2NoCyA - X1O2NoCyA","  VEGF SIGNALING PATHWAY",0.997726769925231,"Combined"
"548","X1O2NoCyA - X1O2PlusCyA","  VEGF SIGNALING PATHWAY",0.986324502497379,"Combined"
"549","X1O2PlusCyA - X19O2NoCyA","  VEGF SIGNALING PATHWAY",0.941403641931852,"Combined"
"550","X19O2NoCyA - X1O2NoCyA","  VIBRIO CHOLERAE INFECTION",0.927948743289414,"Combined"
"551","X1O2NoCyA - X1O2PlusCyA","  VIBRIO CHOLERAE INFECTION",0.780430033348864,"Combined"
"552","X1O2PlusCyA - X19O2NoCyA","  VIBRIO CHOLERAE INFECTION",0.624814612672576,"Combined"
"553","X19O2NoCyA - X1O2NoCyA","  VIRAL MYOCARDITIS",0.894968580957817,"Combined"
"554","X1O2NoCyA - X1O2PlusCyA","  VIRAL MYOCARDITIS",0.99245172413364,"Combined"
"555","X1O2PlusCyA - X19O2NoCyA","  VIRAL MYOCARDITIS",0.996117463216017,"Combined"
"556","X19O2NoCyA - X1O2NoCyA","  WNT SIGNALING PATHWAY",0.998163360907722,"Combined"
"557","X1O2NoCyA - X1O2PlusCyA","  WNT SIGNALING PATHWAY",0.886712519160418,"Combined"
"558","X1O2PlusCyA - X19O2NoCyA","  WNT SIGNALING PATHWAY",0.880419478656214,"Combined"
